URL,Title,Content,Category
https://theresanaiforthat.com/ai/vena/,Vena,"Vena is a comprehensive financial planning and analysis software. It enhances the capabilities of Microsoft Excel, transforming it into a robust budgeting, planning and forecasting tool.

Vena supports a wide range of financial functions including financial planning and analysis, budgeting and forecasting, CapEx and revenue planning, sales performance management, financial close management, and more.

It extends its utilities to various sectors, proving particularly useful in industries such as banking, insurance, manufacturing, real estate, and healthcare among others.

Additionally, Vena offers other functionalities such as workforce planning, allocations, scenario planning, and cash flow planning, thereby making it a versatile financial tool.

It also includes sales planning, incentive compensation management, and financial consolidation features. Further capabilities extend to areas like tax provisioning, financial reporting, account reconciliation, and management reporting.

Alongside its suite of financial tools, it also provides collaboration and workflow management features, bolstering its functionality as an comprehensive resource for financial management.

Moreover, the software emphasizes affordability, scalability and security, promising dependable financial management solutions.

Help other people by letting them know if this AI was useful.",Financial management
https://theresanaiforthat.com/ai/soundai-studio/,SoundAI Studio,,Sound effects
https://theresanaiforthat.com/ai/ck-12-flexi/,CK-12 Flexi,"CK-12 Flexi is a GPT designed to assist with Math and Science homework and test preparation. This GPT operates on top of ChatGPT and its main function is to guide users in understanding and solving assignments in various domains of Math and Science.

It offers a variety of instructional methods, including tutoring in specific subjects such as biology, creating quizzes on topics like stoichiometry, and explaining complex concepts such as photosynthesis through the use of analogy.

This implies a broad scope of educational support, ranging from elementary concepts to advanced topics.CK-12 Flexi serves not just as a self-study tool, but also as an additional resource for gaining clarity on difficult concepts.

It adopts an interactive approach to learning, providing prompt starters such as 'Tutor me in biology', or 'Explain photosynthesis with an analogy'. This encourages users to actively engage, making for a dynamic and constructive learning environment.Another key capacity of CK-12 Flexi is its functionality related to homework assistance.

Users have the opportunity to pose their homework problems or questions in an interactive chat format, allowing for targeted instruction and guidance on their specific needs.It is important to note that CK-12 Flexi requires an active subscription to ChatGPT Plus, asserting its reliance on the parent GPT model for delivering its functionalities.In summary, CK-12 Flexi is a GPT designed to augment traditional learning methods by providing a virtual assistance platform for Math and Science concepts.

Its versatility in delivering various forms of instructional methodologies and its capacity to target specific learning needs makes it a valuable tool in the field of academic support.

Help other people by letting them know if this AI was useful.",Academic Q&A
https://theresanaiforthat.com/ai/scratchpad-ai-sales-assistant/,Scratchpad AI Sales Assistant,"AI Sales Assistant for Salesforce is specifically designed to enhance modern sales operations. It allows users to effortlessly manage, update Salesforce operations, interact with team members on deals and manage pipelines.

The AI assistant facilitates live call summaries, provides AI prompts for sales procedures and generates real-time notes, transcripts and summaries of calls.

The tool integrates with the Salesforce system and utilizes artificial intelligence for filling MEDDIC, next steps, or any fields directly into Salesforce, boosting process efficiency.

It features a user-friendly interface for taking notes and updating Salesforce from the web. Furthermore, the assistant promotes team collaboration, and automates new deal rooms for post-sales handoffs, enhancing productivity.

It offers change history for each deal and provides real-time visibility for deal movement. The tool comes with features for tracking deal status at every level, capturing a historical record of pipeline changes, and providing insight into forecast changes over time.

It also improves Salesforce hygiene, adds collaborator automatically, and provides a user-friendly way to update Salesforce from Slack. The tool is made to be agile and interactive, delivering no-code instant Salesforce updates, thus facilitating seamless sales operations.

Help other people by letting them know if this AI was useful.",Sales assistance
https://theresanaiforthat.com/ai/cat-trainer-gpt/,Cat Trainer GPT,"Cat Trainer GPT is an AI tool designed to aid users with all their cat care and training needs. It provides guidance and advice tailored to various scenarios related to owning and training cats - from general care and nutrition to behavioral training tips.

The GPT caters to both rookie and seasoned cat owners with an aim to make cat parenting easier and more enjoyable. Insightful prompt starters like 'How do I litter train my kitten?', 'What's the best age to adopt a cat?', 'How much should I feed a 3-month-old kitten?', and 'My cat won't eat dry food, what should I do?' provide a measure of the range and specificity that the Cat Trainer GPT can handle.

The tool is used in conjunction with the ChatGPT platform, meaning it sits atop the broader AI tool to enable specific domain expertise. It requires a ChatGPT Plus subscription for access, implying its benefits are tailored to more committed users who require professional-level advice and guidance.By providing detailed suggestions on standard and particular situations, Cat Trainer GPT helps improve the general well-being of cats while also simplifying the daunting task of cat parenting for the owners.

Exemplary of the expansion of AI into niche areas, this tool highlights the effectiveness of specialized AI tools in delivering high-quality assistance and information to users.

Help other people by letting them know if this AI was useful.",Cat training advice
https://theresanaiforthat.com/ai/ai-exam-prep/,AI Exam Prep,"AI Exam Prep is a GPT that aims to assist students in their preparation for standardized examinations. It accomplishes this through interactive study aids and practice tests.

Developed by Hustle Playground, this tool is integrated with ChatGPT, and requires ChatGPT Plus for functionality. A key feature of AI Exam Prep is its ability to generate practice questions, specifically for exams like the SAT math section as given in the example.

Beyond this, the tool also offers guidance on understanding scoring systems; for instance, it can explain the scoring system for the TOEFL test. It also provides advice on effective study strategies, such as for the GRE verbal section.

Lastly, the GPT is equipped with resources to help students practice certain tasks, like the writing tasks on IELTS. Overall, AI Exam Prep serves as an innovative digital aid, offering a range of services to aid students in their exam preparation.

However, users must note that the application requires a ChatGPT Plus subscription to function.

Help other people by letting them know if this AI was useful.",Exam preparation
https://theresanaiforthat.com/ai/job-description-gpt/,Job Description GPT,"Job Description GPT is an AI-based tool that automates the creation of full job advertisements using provided role names and company information. This GPT is designed to transform job recruitment by streamlining the process of job description creation.

It requires inputs like the title of the role and information about the company to generate a comprehensive job description. With the aid of this GPT, users can expect to produce accurate and detailed job descriptions, lessening the workload of HR teams and recruitment agencies.

It's essential to note that the Job Description GPT requires ChatGPT Plus for optimum functionality, meaning access to the ChatGPT Plus is needed. The Job Description GPT tool is a valuable aid for professionals in the Human Resource field, recruitment agencies, and anyone interested in automating job advert creation.

When using the tool, it provides prompt starters like 'What's the role?' and 'What's the description of the company?'. These prompts are designed to guide users in providing the necessary information needed to come up with a detailed and insightful job description.

Bear in mind, it is an AI tool, thus it follows set programming and doesn't offer personalized attention like a human would. However, it drastically shortens the time and effort spent on creating job descriptions manually.

Help other people by letting them know if this AI was useful.",Job descriptions
