URL,Title,Content,Category,,,,,,,,,,,,,,,,,,,,,,,
https://theresanaiforthat.com/ai/replywizard/,,,,,,,,,,,,,,,,,,,,,,,,,,
https://theresanaiforthat.com/ai/zoc/,,,,,,,,,,,,,,,,,,,,,,,,,,
https://theresanaiforthat.com/ai/langwatch/,,,,,,,,,,,,,,,,,,,,,,,,,,
https://theresanaiforthat.com/ai/edraw-ai/,,,,,,,,,,,,,,,,,,,,,,,,,,
https://theresanaiforthat.com/ai/brand-dev/,,,,,,,,,,,,,,,,,,,,,,,,,,
https://theresanaiforthat.com/ai/kaylin-ai/,,,,,,,,,,,,,,,,,,,,,,,,,,
https://theresanaiforthat.com/ai/burning-man-sherpa/,,,,,,,,,,,,,,,,,,,,,,,,,,
https://theresanaiforthat.com/ai/tailent/,,,,,,,,,,,,,,,,,,,,,,,,,,
https://theresanaiforthat.com/ai/ai-form-fill/,,,,,,,,,,,,,,,,,,,,,,,,,,
https://theresanaiforthat.com/ai/startup-coach/,,,,,,,,,,,,,,,,,,,,,,,,,,
http://theresanaiforthat.com/ai/sitescanner-ai/,,,,,,,,,,,,,,,,,,,,,,,,,,
https://theresanaiforthat.com/ai/voclip/,,,,,,,,,,,,,,,,,,,,,,,,,,
https://theresanaiforthat.com/ai/rar-gpt/,,,,,,,,,,,,,,,,,,,,,,,,,,
https://theresanaiforthat.com/ai/gitpodcast/,,,,,,,,,,,,,,,,,,,,,,,,,,
https://theresanaiforthat.com/ai/cc-monet/,,,,,,,,,,,,,,,,,,,,,,,,,,
https://theresanaiforthat.com/ai/r-discovery/,,,,,,,,,,,,,,,,,,,,,,,,,,
https://theresanaiforthat.com/ai/le-chat-by-mistral-ai/,,,,,,,,,,,,,,,,,,,,,,,,,,
https://theresanaiforthat.com/ai/leila-hormozi/,,,,,,,,,,,,,,,,,,,,,,,,,,
https://theresanaiforthat.com/ai/saga-ai/,,,,,,,,,,,,,,,,,,,,,,,,,,
https://theresanaiforthat.com/ai/lookie/,,,,,,,,,,,,,,,,,,,,,,,,,,
